step,scenario,phase,kind,speed_kph,p_dem_kw,soc,weng_rpm,speed_dkph,p_dem_dkw,soc_q10000,weng_rpm_fx,exp_mode_c
0,SPEED_STOP.start,reset,drive,0.0,0.0,0.5,0.0,0,0,5000,0,STANDSTILL
1,SPEED_STOP.start,speed=4,probe,0.4,0.0,0.3,0.0,4,0,3000,0,STANDSTILL
2,SPEED_STOP.start,reset,drive,0.0,0.0,0.5,0.0,0,0,5000,0,STANDSTILL
3,SPEED_STOP.start,speed=5,probe,0.5,0.0,0.3,0.0,5,0,3000,0,STANDSTILL
4,SPEED_STOP.start,reset,drive,0.0,0.0,0.5,0.0,0,0,5000,0,STANDSTILL
5,SPEED_STOP.start,speed=6,probe,0.6,0.0,0.3,0.0,6,0,3000,0,START
6,SPEED_STOP.toSS,reset,drive,0.0,0.0,0.5,0.0,0,0,5000,0,STANDSTILL
7,SPEED_STOP.toSS,drive,drive,10.0,0.0,0.4,0.0,100,0,4000,0,EV
8,SPEED_STOP.toSS,speed=4,probe,0.4,0.0,0.4,0.0,4,0,4000,0,STANDSTILL
9,SPEED_STOP.toSS,reset,drive,0.0,0.0,0.5,0.0,0,0,5000,0,STANDSTILL
10,SPEED_STOP.toSS,drive,drive,10.0,0.0,0.4,0.0,100,0,4000,0,EV
11,SPEED_STOP.toSS,speed=5,probe,0.5,0.0,0.4,0.0,5,0,4000,0,STANDSTILL
12,SPEED_STOP.toSS,reset,drive,0.0,0.0,0.5,0.0,0,0,5000,0,STANDSTILL
13,SPEED_STOP.toSS,drive,drive,10.0,0.0,0.4,0.0,100,0,4000,0,EV
14,SPEED_STOP.toSS,speed=6,probe,0.6,0.0,0.4,0.0,6,0,4000,0,EV
15,SPEED_REGEN,reset,drive,0.0,0.0,0.5,0.0,0,0,5000,0,STANDSTILL
16,SPEED_REGEN,drive,drive,10.0,0.0,0.4,0.0,100,0,4000,0,EV
17,SPEED_REGEN,speed=49,probe,4.9,-10.0,0.4,0.0,49,-100,4000,0,EV
18,SPEED_REGEN,reset,drive,0.0,0.0,0.5,0.0,0,0,5000,0,STANDSTILL
19,SPEED_REGEN,drive,drive,10.0,0.0,0.4,0.0,100,0,4000,0,EV
20,SPEED_REGEN,speed=50,probe,5.0,-10.0,0.4,0.0,50,-100,4000,0,EV
21,SPEED_REGEN,reset,drive,0.0,0.0,0.5,0.0,0,0,5000,0,STANDSTILL
22,SPEED_REGEN,drive,drive,10.0,0.0,0.4,0.0,100,0,4000,0,EV
23,SPEED_REGEN,speed=51,probe,5.1,-10.0,0.4,0.0,51,-100,4000,0,REGENB
24,SPEED_EV_MAX.ev,reset,drive,0.0,0.0,0.5,0.0,0,0,5000,0,STANDSTILL
25,SPEED_EV_MAX.ev,drive,drive,10.0,0.0,0.4,0.0,100,0,4000,0,EV
26,SPEED_EV_MAX.ev,speed=349,probe,34.9,0.0,0.4,0.0,349,0,4000,0,EV
27,SPEED_EV_MAX.ev,reset,drive,0.0,0.0,0.5,0.0,0,0,5000,0,STANDSTILL
28,SPEED_EV_MAX.ev,drive,drive,10.0,0.0,0.4,0.0,100,0,4000,0,EV
29,SPEED_EV_MAX.ev,speed=350,probe,35.0,0.0,0.4,0.0,350,0,4000,0,EV
30,SPEED_EV_MAX.ev,reset,drive,0.0,0.0,0.5,0.0,0,0,5000,0,STANDSTILL
31,SPEED_EV_MAX.ev,drive,drive,10.0,0.0,0.4,0.0,100,0,4000,0,EV
32,SPEED_EV_MAX.ev,speed=351,probe,35.1,0.0,0.4,0.0,351,0,4000,0,START
33,SPEED_EV_MAX.ss,reset,drive,0.0,0.0,0.5,0.0,0,0,5000,0,STANDSTILL
34,SPEED_EV_MAX.ss,speed=349,probe,34.9,0.0,0.4,0.0,349,0,4000,0,EV
35,SPEED_EV_MAX.ss,reset,drive,0.0,0.0,0.5,0.0,0,0,5000,0,STANDSTILL
36,SPEED_EV_MAX.ss,speed=350,probe,35.0,0.0,0.4,0.0,350,0,4000,0,EV
37,SPEED_EV_MAX.ss,reset,drive,0.0,0.0,0.5,0.0,0,0,5000,0,STANDSTILL
38,SPEED_EV_MAX.ss,speed=351,probe,35.1,0.0,0.4,0.0,351,0,4000,0,START
39,ENG_ON,reset,drive,0.0,0.0,0.5,0.0,0,0,5000,0,STANDSTILL
40,ENG_ON,drive,drive,10.0,0.0,0.2,0.0,100,0,2000,0,START
41,ENG_ON,weng=799,probe,10.0,0.0,0.2,799.0,100,0,2000,799,START
42,ENG_ON,reset,drive,0.0,0.0,0.5,0.0,0,0,5000,0,STANDSTILL
43,ENG_ON,drive,drive,10.0,0.0,0.2,0.0,100,0,2000,0,START
44,ENG_ON,weng=800,probe,10.0,0.0,0.2,800.0,100,0,2000,800,START
45,ENG_ON,reset,drive,0.0,0.0,0.5,0.0,0,0,5000,0,STANDSTILL
46,ENG_ON,drive,drive,10.0,0.0,0.2,0.0,100,0,2000,0,START
47,ENG_ON,weng=801,probe,10.0,0.0,0.2,801.0,100,0,2000,801,ICE
48,ENG_OFF,reset,drive,0.0,0.0,0.5,0.0,0,0,5000,0,STANDSTILL
49,ENG_OFF,drive,drive,10.0,0.0,0.2,0.0,100,0,2000,0,START
50,ENG_OFF,drive,drive,10.0,0.0,0.2,900.0,100,0,2000,900,ICE
51,ENG_OFF,weng=789,probe,10.0,0.0,0.2,789.0,100,0,2000,789,START
52,ENG_OFF,reset,drive,0.0,0.0,0.5,0.0,0,0,5000,0,STANDSTILL
53,ENG_OFF,drive,drive,10.0,0.0,0.2,0.0,100,0,2000,0,START
54,ENG_OFF,drive,drive,10.0,0.0,0.2,900.0,100,0,2000,900,ICE
55,ENG_OFF,weng=790,probe,10.0,0.0,0.2,790.0,100,0,2000,790,START
56,ENG_OFF,reset,drive,0.0,0.0,0.5,0.0,0,0,5000,0,STANDSTILL
57,ENG_OFF,drive,drive,10.0,0.0,0.2,0.0,100,0,2000,0,START
58,ENG_OFF,drive,drive,10.0,0.0,0.2,900.0,100,0,2000,900,ICE
59,ENG_OFF,weng=791,probe,10.0,0.0,0.2,791.0,100,0,2000,791,ICE
60,PDEM_REGEN,reset,drive,0.0,0.0,0.5,0.0,0,0,5000,0,STANDSTILL
61,PDEM_REGEN,drive,drive,10.0,0.0,0.4,0.0,100,0,4000,0,EV
62,PDEM_REGEN,pdem=-51,probe,10.0,-5.1,0.4,0.0,100,-51,4000,0,REGENB
63,PDEM_REGEN,reset,drive,0.0,0.0,0.5,0.0,0,0,5000,0,STANDSTILL
64,PDEM_REGEN,drive,drive,10.0,0.0,0.4,0.0,100,0,4000,0,EV
65,PDEM_REGEN,pdem=-50,probe,10.0,-5.0,0.4,0.0,100,-50,4000,0,REGENB
66,PDEM_REGEN,reset,drive,0.0,0.0,0.5,0.0,0,0,5000,0,STANDSTILL
67,PDEM_REGEN,drive,drive,10.0,0.0,0.4,0.0,100,0,4000,0,EV
68,PDEM_REGEN,pdem=-49,probe,10.0,-4.9,0.4,0.0,100,-49,4000,0,EV
69,PDEM_STOP_LOW,reset,drive,0.0,0.0,0.5,0.0,0,0,5000,0,STANDSTILL
70,PDEM_STOP_LOW,drive,drive,10.0,0.0,0.4,0.0,100,0,4000,0,EV
71,PDEM_STOP_LOW,pdem=-11,probe,0.0,-1.1,0.4,0.0,0,-11,4000,0,EV
72,PDEM_STOP_LOW,reset,drive,0.0,0.0,0.5,0.0,0,0,5000,0,STANDSTILL
73,PDEM_STOP_LOW,drive,drive,10.0,0.0,0.4,0.0,100,0,4000,0,EV
74,PDEM_STOP_LOW,pdem=-10,probe,0.0,-1.0,0.4,0.0,0,-10,4000,0,STANDSTILL
75,PDEM_STOP_LOW,reset,drive,0.0,0.0,0.5,0.0,0,0,5000,0,STANDSTILL
76,PDEM_STOP_LOW,drive,drive,10.0,0.0,0.4,0.0,100,0,4000,0,EV
77,PDEM_STOP_LOW,pdem=-9,probe,0.0,-0.9,0.4,0.0,0,-9,4000,0,STANDSTILL
78,PDEM_STOP_HIGH,reset,drive,0.0,0.0,0.5,0.0,0,0,5000,0,STANDSTILL
79,PDEM_STOP_HIGH,drive,drive,10.0,0.0,0.4,0.0,100,0,4000,0,EV
80,PDEM_STOP_HIGH,pdem=9,probe,0.0,0.9,0.4,0.0,0,9,4000,0,STANDSTILL
81,PDEM_STOP_HIGH,reset,drive,0.0,0.0,0.5,0.0,0,0,5000,0,STANDSTILL
82,PDEM_STOP_HIGH,drive,drive,10.0,0.0,0.4,0.0,100,0,4000,0,EV
83,PDEM_STOP_HIGH,pdem=10,probe,0.0,1.0,0.4,0.0,0,10,4000,0,STANDSTILL
84,PDEM_STOP_HIGH,reset,drive,0.0,0.0,0.5,0.0,0,0,5000,0,STANDSTILL
85,PDEM_STOP_HIGH,drive,drive,10.0,0.0,0.4,0.0,100,0,4000,0,EV
86,PDEM_STOP_HIGH,pdem=11,probe,0.0,1.1,0.4,0.0,0,11,4000,0,EV
87,PDEM_HYB_IN,reset,drive,0.0,0.0,0.5,0.0,0,0,5000,0,STANDSTILL
88,PDEM_HYB_IN,drive,drive,10.0,0.0,0.4,0.0,100,0,4000,0,EV
89,PDEM_HYB_IN,pdem=499,probe,10.0,49.9,0.4,0.0,100,499,4000,0,EV
90,PDEM_HYB_IN,reset,drive,0.0,0.0,0.5,0.0,0,0,5000,0,STANDSTILL
91,PDEM_HYB_IN,drive,drive,10.0,0.0,0.4,0.0,100,0,4000,0,EV
92,PDEM_HYB_IN,pdem=500,probe,10.0,50.0,0.4,0.0,100,500,4000,0,START
93,PDEM_HYB_IN,reset,drive,0.0,0.0,0.5,0.0,0,0,5000,0,STANDSTILL
94,PDEM_HYB_IN,drive,drive,10.0,0.0,0.4,0.0,100,0,4000,0,EV
95,PDEM_HYB_IN,pdem=501,probe,10.0,50.1,0.4,0.0,100,501,4000,0,START
96,PDEM_HYB_OUT,reset,drive,0.0,0.0,0.5,0.0,0,0,5000,0,STANDSTILL
97,PDEM_HYB_OUT,drive,drive,10.0,0.0,0.2,0.0,100,0,2000,0,START
98,PDEM_HYB_OUT,pdem=399,probe,10.0,39.9,0.4,900.0,100,399,4000,900,EV
99,PDEM_HYB_OUT,reset,drive,0.0,0.0,0.5,0.0,0,0,5000,0,STANDSTILL
100,PDEM_HYB_OUT,drive,drive,10.0,0.0,0.2,0.0,100,0,2000,0,START
101,PDEM_HYB_OUT,pdem=400,probe,10.0,40.0,0.4,900.0,100,400,4000,900,EV
102,PDEM_HYB_OUT,reset,drive,0.0,0.0,0.5,0.0,0,0,5000,0,STANDSTILL
103,PDEM_HYB_OUT,drive,drive,10.0,0.0,0.2,0.0,100,0,2000,0,START
104,PDEM_HYB_OUT,pdem=401,probe,10.0,40.1,0.4,900.0,100,401,4000,900,HYBRID
105,PDEM_HYB_MID,reset,drive,0.0,0.0,0.5,0.0,0,0,5000,0,STANDSTILL
106,PDEM_HYB_MID,drive,drive,10.0,0.0,0.2,0.0,100,0,2000,0,START
107,PDEM_HYB_MID,pdem=149,probe,10.0,14.9,0.35,900.0,100,149,3500,900,ICE
108,PDEM_HYB_MID,reset,drive,0.0,0.0,0.5,0.0,0,0,5000,0,STANDSTILL
109,PDEM_HYB_MID,drive,drive,10.0,0.0,0.2,0.0,100,0,2000,0,START
110,PDEM_HYB_MID,pdem=150,probe,10.0,15.0,0.35,900.0,100,150,3500,900,HYBRID
111,PDEM_HYB_MID,reset,drive,0.0,0.0,0.5,0.0,0,0,5000,0,STANDSTILL
112,PDEM_HYB_MID,drive,drive,10.0,0.0,0.2,0.0,100,0,2000,0,START
113,PDEM_HYB_MID,pdem=151,probe,10.0,15.1,0.35,900.0,100,151,3500,900,HYBRID
114,PDEM_HYB_LOW,reset,drive,0.0,0.0,0.5,0.0,0,0,5000,0,STANDSTILL
115,PDEM_HYB_LOW,drive,drive,10.0,0.0,0.2,0.0,100,0,2000,0,START
116,PDEM_HYB_LOW,drive,drive,10.0,20.0,0.35,900.0,100,200,3500,900,HYBRID
117,PDEM_HYB_LOW,pdem=99,probe,10.0,9.9,0.3,900.0,100,99,3000,900,ICE
118,PDEM_HYB_LOW,reset,drive,0.0,0.0,0.5,0.0,0,0,5000,0,STANDSTILL
119,PDEM_HYB_LOW,drive,drive,10.0,0.0,0.2,0.0,100,0,2000,0,START
120,PDEM_HYB_LOW,drive,drive,10.0,20.0,0.35,900.0,100,200,3500,900,HYBRID
121,PDEM_HYB_LOW,pdem=100,probe,10.0,10.0,0.3,900.0,100,100,3000,900,ICE
122,PDEM_HYB_LOW,reset,drive,0.0,0.0,0.5,0.0,0,0,5000,0,STANDSTILL
123,PDEM_HYB_LOW,drive,drive,10.0,0.0,0.2,0.0,100,0,2000,0,START
124,PDEM_HYB_LOW,drive,drive,10.0,20.0,0.35,900.0,100,200,3500,900,HYBRID
125,PDEM_HYB_LOW,pdem=101,probe,10.0,10.1,0.3,900.0,100,101,3000,900,HYBRID
126,SOC_EV_IN,reset,drive,0.0,0.0,0.5,0.0,0,0,5000,0,STANDSTILL
127,SOC_EV_IN,soc=3699,probe,10.0,0.0,0.3699,0.0,100,0,3699,0,START
128,SOC_EV_IN,reset,drive,0.0,0.0,0.5,0.0,0,0,5000,0,STANDSTILL
129,SOC_EV_IN,soc=3700,probe,10.0,0.0,0.37,0.0,100,0,3700,0,EV
130,SOC_EV_IN,reset,drive,0.0,0.0,0.5,0.0,0,0,5000,0,STANDSTILL
131,SOC_EV_IN,soc=3701,probe,10.0,0.0,0.3701,0.0,100,0,3701,0,EV
132,SOC_EV_OUT,reset,drive,0.0,0.0,0.5,0.0,0,0,5000,0,STANDSTILL
133,SOC_EV_OUT,drive,drive,10.0,0.0,0.4,0.0,100,0,4000,0,EV
134,SOC_EV_OUT,soc=3499,probe,10.0,0.0,0.3499,0.0,100,0,3499,0,START
135,SOC_EV_OUT,reset,drive,0.0,0.0,0.5,0.0,0,0,5000,0,STANDSTILL
136,SOC_EV_OUT,drive,drive,10.0,0.0,0.4,0.0,100,0,4000,0,EV
137,SOC_EV_OUT,soc=3500,probe,10.0,0.0,0.35,0.0,100,0,3500,0,EV
138,SOC_EV_OUT,reset,drive,0.0,0.0,0.5,0.0,0,0,5000,0,STANDSTILL
139,SOC_EV_OUT,drive,drive,10.0,0.0,0.4,0.0,100,0,4000,0,EV
140,SOC_EV_OUT,soc=3501,probe,10.0,0.0,0.3501,0.0,100,0,3501,0,EV
141,SOC_MID,reset,drive,0.0,0.0,0.5,0.0,0,0,5000,0,STANDSTILL
142,SOC_MID,drive,drive,10.0,0.0,0.2,0.0,100,0,2000,0,START
143,SOC_MID,drive,drive,10.0,0.0,0.2,900.0,100,0,2000,900,ICE
144,SOC_MID,soc=2999,probe,10.0,20.0,0.2999,900.0,100,200,2999,900,ICE
145,SOC_MID,reset,drive,0.0,0.0,0.5,0.0,0,0,5000,0,STANDSTILL
146,SOC_MID,drive,drive,10.0,0.0,0.2,0.0,100,0,2000,0,START
147,SOC_MID,drive,drive,10.0,0.0,0.2,900.0,100,0,2000,900,ICE
148,SOC_MID,soc=3000,probe,10.0,20.0,0.3,900.0,100,200,3000,900,HYBRID
149,SOC_MID,reset,drive,0.0,0.0,0.5,0.0,0,0,5000,0,STANDSTILL
150,SOC_MID,drive,drive,10.0,0.0,0.2,0.0,100,0,2000,0,START
151,SOC_MID,drive,drive,10.0,0.0,0.2,900.0,100,0,2000,900,ICE
152,SOC_MID,soc=3001,probe,10.0,20.0,0.3001,900.0,100,200,3001,900,HYBRID
153,SOC_LOW,reset,drive,0.0,0.0,0.5,0.0,0,0,5000,0,STANDSTILL
154,SOC_LOW,drive,drive,10.0,0.0,0.2,0.0,100,0,2000,0,START
155,SOC_LOW,drive,drive,10.0,20.0,0.35,900.0,100,200,3500,900,HYBRID
156,SOC_LOW,soc=2499,probe,10.0,20.0,0.2499,900.0,100,200,2499,900,ICE
157,SOC_LOW,reset,drive,0.0,0.0,0.5,0.0,0,0,5000,0,STANDSTILL
158,SOC_LOW,drive,drive,10.0,0.0,0.2,0.0,100,0,2000,0,START
159,SOC_LOW,drive,drive,10.0,20.0,0.35,900.0,100,200,3500,900,HYBRID
160,SOC_LOW,soc=2500,probe,10.0,20.0,0.25,900.0,100,200,2500,900,HYBRID
161,SOC_LOW,reset,drive,0.0,0.0,0.5,0.0,0,0,5000,0,STANDSTILL
162,SOC_LOW,drive,drive,10.0,0.0,0.2,0.0,100,0,2000,0,START
163,SOC_LOW,drive,drive,10.0,20.0,0.35,900.0,100,200,3500,900,HYBRID
164,SOC_LOW,soc=2501,probe,10.0,20.0,0.2501,900.0,100,200,2501,900,HYBRID
165,TOUR0,reset,drive,0.0,0.0,0.5,0.0,0,0,5000,0,STANDSTILL
166,TOUR0,hop0,tour,10.0,0.0,0.4,0.0,100,0,4000,0,EV
167,TOUR0,hop1,tour,10.0,-10.0,0.4,0.0,100,-100,4000,0,REGENB
168,TOUR0,hop2,tour,10.0,0.0,0.2,0.0,100,0,2000,0,START
169,TOUR1,reset,drive,0.0,0.0,0.5,0.0,0,0,5000,0,STANDSTILL
170,TOUR1,hop0,tour,10.0,0.0,0.4,0.0,100,0,4000,0,EV
171,TOUR1,hop1,tour,10.0,-10.0,0.4,0.0,100,-100,4000,0,REGENB
172,TOUR1,hop2,tour,0.0,0.0,0.4,0.0,0,0,4000,0,STANDSTILL
173,TOUR2,reset,drive,0.0,0.0,0.5,0.0,0,0,5000,0,STANDSTILL
174,TOUR2,hop0,tour,10.0,0.0,0.4,0.0,100,0,4000,0,EV
175,TOUR2,hop1,tour,10.0,-10.0,0.4,0.0,100,-100,4000,0,REGENB
176,TOUR2,hop2,tour,10.0,0.0,0.4,0.0,100,0,4000,0,EV
177,TOUR3,reset,drive,0.0,0.0,0.5,0.0,0,0,5000,0,STANDSTILL
178,TOUR3,hop0,tour,10.0,0.0,0.2,0.0,100,0,2000,0,START
179,TOUR3,hop1,tour,40.0,0.0,0.35,900.0,400,0,3500,900,HYBRID
180,TOUR4,reset,drive,0.0,0.0,0.5,0.0,0,0,5000,0,STANDSTILL
181,TOUR4,hop0,tour,10.0,0.0,0.2,0.0,100,0,2000,0,START
182,TOUR4,hop1,tour,10.0,-10.0,0.2,900.0,100,-100,2000,900,REGENB
183,TOUR5,reset,drive,0.0,0.0,0.5,0.0,0,0,5000,0,STANDSTILL
184,TOUR5,hop0,tour,10.0,0.0,0.2,900.0,100,0,2000,900,START
185,TOUR5,hop1,tour,10.0,20.0,0.35,900.0,100,200,3500,900,HYBRID
186,TOUR5,hop2,tour,10.0,5.0,0.2,900.0,100,50,2000,900,ICE
187,TOUR6,reset,drive,0.0,0.0,0.5,0.0,0,0,5000,0,STANDSTILL
188,TOUR6,hop0,tour,10.0,0.0,0.2,900.0,100,0,2000,900,START
189,TOUR6,hop1,tour,10.0,0.0,0.2,700.0,100,0,2000,700,START
190,TOUR7,reset,drive,0.0,0.0,0.5,0.0,0,0,5000,0,STANDSTILL
191,TOUR7,hop0,tour,10.0,0.0,0.2,900.0,100,0,2000,900,START
192,TOUR7,hop1,tour,10.0,0.0,0.4,900.0,100,0,4000,900,EV
193,TOUR8,reset,drive,0.0,0.0,0.5,0.0,0,0,5000,0,STANDSTILL
194,TOUR8,hop0,tour,10.0,0.0,0.4,0.0,100,0,4000,0,EV
195,TOUR8,hop1,tour,10.0,-10.0,0.4,0.0,100,-100,4000,0,REGENB
196,TOUR8,hop2,tour,10.0,-10.0,0.4,0.0,100,-100,4000,0,REGENB
197,SPEED_EV_MAX.subLSB,reset,drive,0.0,0.0,0.5,0.0,0,0,5000,0,STANDSTILL
198,SPEED_EV_MAX.subLSB,drive,drive,10.0,0.0,0.4,0.0,100,0,4000,0,EV
199,SPEED_EV_MAX.subLSB,speed~35.04,subLSB,35.04,0.0,0.4,0.0,350,0,4000,0,EV
200,SPEED_STOP.subLSB,reset,drive,0.0,0.0,0.5,0.0,0,0,5000,0,STANDSTILL
201,SPEED_STOP.subLSB,speed~0.54,subLSB,0.54,0.0,0.3,0.0,5,0,3000,0,STANDSTILL
202,SOC_EV_IN.subLSB,reset,drive,0.0,0.0,0.5,0.0,0,0,5000,0,STANDSTILL
203,SOC_EV_IN.subLSB,soc~0.36996,subLSB,10.0,0.0,0.36996,0.0,100,0,3700,0,EV
204,PDEM_HYB_IN.subLSB,reset,drive,0.0,0.0,0.5,0.0,0,0,5000,0,STANDSTILL
205,PDEM_HYB_IN.subLSB,drive,drive,10.0,0.0,0.4,0.0,100,0,4000,0,EV
206,PDEM_HYB_IN.subLSB,pdem~49.96,subLSB,10.0,49.96,0.4,0.0,100,500,4000,0,START
207,CHART_MCDC,reset,drive,0.0,0.0,0.5,0.0,0,0,5000,0,STANDSTILL
208,chartmcdc:ss_ev_base_reset_a,0,chartmcdc,0.0,0.0,0.5,900.0,0,0,5000,900,STANDSTILL
209,chartmcdc:ss_ev_base_reset_b,0.1,chartmcdc,0.0,0.0,0.5,0.0,0,0,5000,0,STANDSTILL
210,chartmcdc:ss_ev_base,0.2,chartmcdc,10.0,0.0,0.37,0.0,100,0,3700,0,EV
211,chartmcdc:ss_ev_speed_stop_false_reset_a,0.3,chartmcdc,0.0,0.0,0.5,900.0,0,0,5000,900,STANDSTILL
212,chartmcdc:ss_ev_speed_stop_false_reset_b,0.4,chartmcdc,0.0,0.0,0.5,0.0,0,0,5000,0,STANDSTILL
213,chartmcdc:ss_ev_speed_stop_false,0.5,chartmcdc,0.5,0.0,0.37,0.0,5,0,3700,0,STANDSTILL
214,chartmcdc:ss_ev_speed_max_false_reset_a,0.6,chartmcdc,0.0,0.0,0.5,900.0,0,0,5000,900,STANDSTILL
215,chartmcdc:ss_ev_speed_max_false_reset_b,0.7,chartmcdc,0.0,0.0,0.5,0.0,0,0,5000,0,STANDSTILL
216,chartmcdc:ss_ev_speed_max_false,0.8,chartmcdc,36.0,0.0,0.37,0.0,360,0,3700,0,START
217,chartmcdc:ss_ev_soc_false_reset_a,0.9,chartmcdc,0.0,0.0,0.5,900.0,0,0,5000,900,STANDSTILL
218,chartmcdc:ss_ev_soc_false_reset_b,1,chartmcdc,0.0,0.0,0.5,0.0,0,0,5000,0,STANDSTILL
219,chartmcdc:ss_ev_soc_false,1.1,chartmcdc,10.0,0.0,0.36,0.0,100,0,3600,0,START
220,chartmcdc:ss_start_true_high_speed_reset_a,1.2,chartmcdc,0.0,0.0,0.5,900.0,0,0,5000,900,STANDSTILL
221,chartmcdc:ss_start_true_high_speed_reset_b,1.3,chartmcdc,0.0,0.0,0.5,0.0,0,0,5000,0,STANDSTILL
222,chartmcdc:ss_start_true_high_speed,1.4,chartmcdc,36.0,0.0,0.5,0.0,360,0,5000,0,START
223,chartmcdc:ss_start_true_low_soc_reset_a,1.5,chartmcdc,0.0,0.0,0.5,900.0,0,0,5000,900,STANDSTILL
224,chartmcdc:ss_start_true_low_soc_reset_b,1.6,chartmcdc,0.0,0.0,0.5,0.0,0,0,5000,0,STANDSTILL
225,chartmcdc:ss_start_true_low_soc,1.7,chartmcdc,10.0,0.0,0.36,0.0,100,0,3600,0,START
226,chartmcdc:ev_regen_base_reset_a,1.8,chartmcdc,0.0,0.0,0.5,900.0,0,0,5000,900,STANDSTILL
227,chartmcdc:ev_regen_base_reset_b,1.9,chartmcdc,0.0,0.0,0.5,0.0,0,0,5000,0,STANDSTILL
228,chartmcdc:ev_regen_base_reach_ev,2,chartmcdc,10.0,0.0,0.5,0.0,100,0,5000,0,EV
229,chartmcdc:ev_regen_base,2.1,chartmcdc,10.0,-6.0,0.5,0.0,100,-60,5000,0,REGENB
230,chartmcdc:ev_regen_speed_false_reset_a,2.2,chartmcdc,0.0,0.0,0.5,900.0,0,0,5000,900,STANDSTILL
231,chartmcdc:ev_regen_speed_false_reset_b,2.3,chartmcdc,0.0,0.0,0.5,0.0,0,0,5000,0,STANDSTILL
232,chartmcdc:ev_regen_speed_false_reach_ev,2.4,chartmcdc,10.0,0.0,0.5,0.0,100,0,5000,0,EV
233,chartmcdc:ev_regen_speed_false,2.5,chartmcdc,5.0,-6.0,0.5,0.0,50,-60,5000,0,EV
234,chartmcdc:ev_regen_pdem_false_reset_a,2.6,chartmcdc,0.0,0.0,0.5,900.0,0,0,5000,900,STANDSTILL
235,chartmcdc:ev_regen_pdem_false_reset_b,2.7,chartmcdc,0.0,0.0,0.5,0.0,0,0,5000,0,STANDSTILL
236,chartmcdc:ev_regen_pdem_false_reach_ev,2.8,chartmcdc,10.0,0.0,0.5,0.0,100,0,5000,0,EV
237,chartmcdc:ev_regen_pdem_false,2.9,chartmcdc,10.0,-4.0,0.5,0.0,100,-40,5000,0,EV
238,chartmcdc:ev_start_base_false_reset_a,3,chartmcdc,0.0,0.0,0.5,900.0,0,0,5000,900,STANDSTILL
239,chartmcdc:ev_start_base_false_reset_b,3.1,chartmcdc,0.0,0.0,0.5,0.0,0,0,5000,0,STANDSTILL
240,chartmcdc:ev_start_base_false_reach_ev,3.2,chartmcdc,10.0,0.0,0.5,0.0,100,0,5000,0,EV
241,chartmcdc:ev_start_base_false,3.3,chartmcdc,10.0,0.0,0.5,0.0,100,0,5000,0,EV
242,chartmcdc:ev_start_speed_true_reset_a,3.4,chartmcdc,0.0,0.0,0.5,900.0,0,0,5000,900,STANDSTILL
243,chartmcdc:ev_start_speed_true_reset_b,3.5,chartmcdc,0.0,0.0,0.5,0.0,0,0,5000,0,STANDSTILL
244,chartmcdc:ev_start_speed_true_reach_ev,3.6,chartmcdc,10.0,0.0,0.5,0.0,100,0,5000,0,EV
245,chartmcdc:ev_start_speed_true,3.7,chartmcdc,36.0,0.0,0.5,0.0,360,0,5000,0,START
246,chartmcdc:ev_start_pdem_true_reset_a,3.8,chartmcdc,0.0,0.0,0.5,900.0,0,0,5000,900,STANDSTILL
247,chartmcdc:ev_start_pdem_true_reset_b,3.9,chartmcdc,0.0,0.0,0.5,0.0,0,0,5000,0,STANDSTILL
248,chartmcdc:ev_start_pdem_true_reach_ev,4,chartmcdc,10.0,0.0,0.5,0.0,100,0,5000,0,EV
249,chartmcdc:ev_start_pdem_true,4.1,chartmcdc,10.0,50.0,0.5,0.0,100,500,5000,0,START
250,chartmcdc:ev_start_soc_true_reset_a,4.2,chartmcdc,0.0,0.0,0.5,900.0,0,0,5000,900,STANDSTILL
251,chartmcdc:ev_start_soc_true_reset_b,4.3,chartmcdc,0.0,0.0,0.5,0.0,0,0,5000,0,STANDSTILL
252,chartmcdc:ev_start_soc_true_reach_ev,4.4,chartmcdc,10.0,0.0,0.5,0.0,100,0,5000,0,EV
253,chartmcdc:ev_start_soc_true,4.5,chartmcdc,10.0,0.0,0.34,0.0,100,0,3400,0,START
254,chartmcdc:ev_standstill_base_reset_a,4.6,chartmcdc,0.0,0.0,0.5,900.0,0,0,5000,900,STANDSTILL
255,chartmcdc:ev_standstill_base_reset_b,4.7,chartmcdc,0.0,0.0,0.5,0.0,0,0,5000,0,STANDSTILL
256,chartmcdc:ev_standstill_base_reach_ev,4.8,chartmcdc,10.0,0.0,0.5,0.0,100,0,5000,0,EV
257,chartmcdc:ev_standstill_base,4.9,chartmcdc,0.3,0.0,0.5,0.0,3,0,5000,0,STANDSTILL
258,chartmcdc:ev_standstill_speed_false_reset_a,5,chartmcdc,0.0,0.0,0.5,900.0,0,0,5000,900,STANDSTILL
259,chartmcdc:ev_standstill_speed_false_reset_b,5.1,chartmcdc,0.0,0.0,0.5,0.0,0,0,5000,0,STANDSTILL
260,chartmcdc:ev_standstill_speed_false_reach_ev,5.2,chartmcdc,10.0,0.0,0.5,0.0,100,0,5000,0,EV
261,chartmcdc:ev_standstill_speed_false,5.3,chartmcdc,1.0,0.0,0.5,0.0,10,0,5000,0,EV
262,chartmcdc:ev_standstill_pdem_high_false_reset_a,5.4,chartmcdc,0.0,0.0,0.5,900.0,0,0,5000,900,STANDSTILL
263,chartmcdc:ev_standstill_pdem_high_false_reset_b,5.5,chartmcdc,0.0,0.0,0.5,0.0,0,0,5000,0,STANDSTILL
264,chartmcdc:ev_standstill_pdem_high_false_reach_ev,5.6,chartmcdc,10.0,0.0,0.5,0.0,100,0,5000,0,EV
265,chartmcdc:ev_standstill_pdem_high_false,5.7,chartmcdc,0.3,2.0,0.5,0.0,3,20,5000,0,EV
266,chartmcdc:ev_standstill_pdem_low_false_reset_a,5.8,chartmcdc,0.0,0.0,0.5,900.0,0,0,5000,900,STANDSTILL
267,chartmcdc:ev_standstill_pdem_low_false_reset_b,5.9,chartmcdc,0.0,0.0,0.5,0.0,0,0,5000,0,STANDSTILL
268,chartmcdc:ev_standstill_pdem_low_false_reach_ev,6,chartmcdc,10.0,0.0,0.5,0.0,100,0,5000,0,EV
269,chartmcdc:ev_standstill_pdem_low_false,6.1,chartmcdc,0.3,-2.0,0.5,0.0,3,-20,5000,0,EV
270,chartmcdc:regen_start_base_false_reset_a,6.2,chartmcdc,0.0,0.0,0.5,900.0,0,0,5000,900,STANDSTILL
271,chartmcdc:regen_start_base_false_reset_b,6.3,chartmcdc,0.0,0.0,0.5,0.0,0,0,5000,0,STANDSTILL
272,chartmcdc:regen_start_base_false_reach_ev,6.4,chartmcdc,10.0,0.0,0.5,0.0,100,0,5000,0,EV
273,chartmcdc:regen_start_base_false_reach_regenb,6.5,chartmcdc,10.0,-6.0,0.5,0.0,100,-60,5000,0,REGENB
274,chartmcdc:regen_start_base_false,6.6,chartmcdc,20.0,-2.0,0.5,0.0,200,-20,5000,0,REGENB
275,chartmcdc:regen_start_speed_true_reset_a,6.7,chartmcdc,0.0,0.0,0.5,900.0,0,0,5000,900,STANDSTILL
276,chartmcdc:regen_start_speed_true_reset_b,6.8,chartmcdc,0.0,0.0,0.5,0.0,0,0,5000,0,STANDSTILL
277,chartmcdc:regen_start_speed_true_reach_ev,6.9,chartmcdc,10.0,0.0,0.5,0.0,100,0,5000,0,EV
278,chartmcdc:regen_start_speed_true_reach_regenb,7,chartmcdc,10.0,-6.0,0.5,0.0,100,-60,5000,0,REGENB
279,chartmcdc:regen_start_speed_true,7.1,chartmcdc,40.0,0.0,0.5,0.0,400,0,5000,0,START
280,chartmcdc:regen_start_speed_false_reset_a,7.2,chartmcdc,0.0,0.0,0.5,900.0,0,0,5000,900,STANDSTILL
281,chartmcdc:regen_start_speed_false_reset_b,7.3,chartmcdc,0.0,0.0,0.5,0.0,0,0,5000,0,STANDSTILL
282,chartmcdc:regen_start_speed_false_reach_ev,7.4,chartmcdc,10.0,0.0,0.5,0.0,100,0,5000,0,EV
283,chartmcdc:regen_start_speed_false_reach_regenb,7.5,chartmcdc,10.0,-6.0,0.5,0.0,100,-60,5000,0,REGENB
284,chartmcdc:regen_start_speed_false,7.6,chartmcdc,20.0,0.0,0.5,0.0,200,0,5000,0,EV
285,chartmcdc:regen_start_pdem_true_reset_a,7.7,chartmcdc,0.0,0.0,0.5,900.0,0,0,5000,900,STANDSTILL
286,chartmcdc:regen_start_pdem_true_reset_b,7.8,chartmcdc,0.0,0.0,0.5,0.0,0,0,5000,0,STANDSTILL
287,chartmcdc:regen_start_pdem_true_reach_ev,7.9,chartmcdc,10.0,0.0,0.5,0.0,100,0,5000,0,EV
288,chartmcdc:regen_start_pdem_true_reach_regenb,8,chartmcdc,10.0,-6.0,0.5,0.0,100,-60,5000,0,REGENB
289,chartmcdc:regen_start_pdem_true,8.1,chartmcdc,40.0,0.0,0.5,0.0,400,0,5000,0,START
290,chartmcdc:regen_start_pdem_false_reset_a,8.2,chartmcdc,0.0,0.0,0.5,900.0,0,0,5000,900,STANDSTILL
291,chartmcdc:regen_start_pdem_false_reset_b,8.3,chartmcdc,0.0,0.0,0.5,0.0,0,0,5000,0,STANDSTILL
292,chartmcdc:regen_start_pdem_false_reach_ev,8.4,chartmcdc,10.0,0.0,0.5,0.0,100,0,5000,0,EV
293,chartmcdc:regen_start_pdem_false_reach_regenb,8.5,chartmcdc,10.0,-6.0,0.5,0.0,100,-60,5000,0,REGENB
294,chartmcdc:regen_start_pdem_false,8.6,chartmcdc,40.0,-2.0,0.5,0.0,400,-20,5000,0,REGENB
295,chartmcdc:regen_start_soc_true_reset_a,8.7,chartmcdc,0.0,0.0,0.5,900.0,0,0,5000,900,STANDSTILL
296,chartmcdc:regen_start_soc_true_reset_b,8.8,chartmcdc,0.0,0.0,0.5,0.0,0,0,5000,0,STANDSTILL
297,chartmcdc:regen_start_soc_true_reach_ev,8.9,chartmcdc,10.0,0.0,0.5,0.0,100,0,5000,0,EV
298,chartmcdc:regen_start_soc_true_reach_regenb,9,chartmcdc,10.0,-6.0,0.5,0.0,100,-60,5000,0,REGENB
299,chartmcdc:regen_start_soc_true,9.1,chartmcdc,20.0,-2.0,0.34,0.0,200,-20,3400,0,START
300,chartmcdc:regen_standstill_base_reset_a,9.2,chartmcdc,0.0,0.0,0.5,900.0,0,0,5000,900,STANDSTILL
301,chartmcdc:regen_standstill_base_reset_b,9.3,chartmcdc,0.0,0.0,0.5,0.0,0,0,5000,0,STANDSTILL
302,chartmcdc:regen_standstill_base_reach_ev,9.4,chartmcdc,10.0,0.0,0.5,0.0,100,0,5000,0,EV
303,chartmcdc:regen_standstill_base_reach_regenb,9.5,chartmcdc,10.0,-6.0,0.5,0.0,100,-60,5000,0,REGENB
304,chartmcdc:regen_standstill_base,9.6,chartmcdc,0.3,0.0,0.5,0.0,3,0,5000,0,STANDSTILL
305,chartmcdc:regen_standstill_speed_false_reset_a,9.7,chartmcdc,0.0,0.0,0.5,900.0,0,0,5000,900,STANDSTILL
306,chartmcdc:regen_standstill_speed_false_reset_b,9.8,chartmcdc,0.0,0.0,0.5,0.0,0,0,5000,0,STANDSTILL
307,chartmcdc:regen_standstill_speed_false_reach_ev,9.9,chartmcdc,10.0,0.0,0.5,0.0,100,0,5000,0,EV
308,chartmcdc:regen_standstill_speed_false_reach_regenb,10,chartmcdc,10.0,-6.0,0.5,0.0,100,-60,5000,0,REGENB
309,chartmcdc:regen_standstill_speed_false,10.1,chartmcdc,1.0,0.0,0.5,0.0,10,0,5000,0,EV
310,chartmcdc:regen_standstill_pdem_high_false_reset_a,10.2,chartmcdc,0.0,0.0,0.5,900.0,0,0,5000,900,STANDSTILL
311,chartmcdc:regen_standstill_pdem_high_false_reset_b,10.3,chartmcdc,0.0,0.0,0.5,0.0,0,0,5000,0,STANDSTILL
312,chartmcdc:regen_standstill_pdem_high_false_reach_ev,10.4,chartmcdc,10.0,0.0,0.5,0.0,100,0,5000,0,EV
313,chartmcdc:regen_standstill_pdem_high_false_reach_regenb,10.5,chartmcdc,10.0,-6.0,0.5,0.0,100,-60,5000,0,REGENB
314,chartmcdc:regen_standstill_pdem_high_false,10.6,chartmcdc,0.3,2.0,0.5,0.0,3,20,5000,0,REGENB
315,chartmcdc:regen_standstill_pdem_low_false_reset_a,10.7,chartmcdc,0.0,0.0,0.5,900.0,0,0,5000,900,STANDSTILL
316,chartmcdc:regen_standstill_pdem_low_false_reset_b,10.8,chartmcdc,0.0,0.0,0.5,0.0,0,0,5000,0,STANDSTILL
317,chartmcdc:regen_standstill_pdem_low_false_reach_ev,10.9,chartmcdc,10.0,0.0,0.5,0.0,100,0,5000,0,EV
318,chartmcdc:regen_standstill_pdem_low_false_reach_regenb,11,chartmcdc,10.0,-6.0,0.5,0.0,100,-60,5000,0,REGENB
319,chartmcdc:regen_standstill_pdem_low_false,11.1,chartmcdc,0.3,-2.0,0.5,0.0,3,-20,5000,0,REGENB
320,chartmcdc:regen_ev_base_reset_a,11.2,chartmcdc,0.0,0.0,0.5,900.0,0,0,5000,900,STANDSTILL
321,chartmcdc:regen_ev_base_reset_b,11.3,chartmcdc,0.0,0.0,0.5,0.0,0,0,5000,0,STANDSTILL
322,chartmcdc:regen_ev_base_reach_ev,11.4,chartmcdc,10.0,0.0,0.5,0.0,100,0,5000,0,EV
323,chartmcdc:regen_ev_base_reach_regenb,11.5,chartmcdc,10.0,-6.0,0.5,0.0,100,-60,5000,0,REGENB
324,chartmcdc:regen_ev_base,11.6,chartmcdc,20.0,0.0,0.5,0.0,200,0,5000,0,EV
325,chartmcdc:regen_ev_pdem_false_reset_a,11.7,chartmcdc,0.0,0.0,0.5,900.0,0,0,5000,900,STANDSTILL
326,chartmcdc:regen_ev_pdem_false_reset_b,11.8,chartmcdc,0.0,0.0,0.5,0.0,0,0,5000,0,STANDSTILL
327,chartmcdc:regen_ev_pdem_false_reach_ev,11.9,chartmcdc,10.0,0.0,0.5,0.0,100,0,5000,0,EV
328,chartmcdc:regen_ev_pdem_false_reach_regenb,12,chartmcdc,10.0,-6.0,0.5,0.0,100,-60,5000,0,REGENB
329,chartmcdc:regen_ev_pdem_false,12.1,chartmcdc,20.0,-2.0,0.5,0.0,200,-20,5000,0,REGENB
330,chartmcdc:regen_ev_speed_false_reset_a,12.2,chartmcdc,0.0,0.0,0.5,900.0,0,0,5000,900,STANDSTILL
331,chartmcdc:regen_ev_speed_false_reset_b,12.3,chartmcdc,0.0,0.0,0.5,0.0,0,0,5000,0,STANDSTILL
332,chartmcdc:regen_ev_speed_false_reach_ev,12.4,chartmcdc,10.0,0.0,0.5,0.0,100,0,5000,0,EV
333,chartmcdc:regen_ev_speed_false_reach_regenb,12.5,chartmcdc,10.0,-6.0,0.5,0.0,100,-60,5000,0,REGENB
334,chartmcdc:regen_ev_speed_false,12.6,chartmcdc,0.3,2.0,0.5,0.0,3,20,5000,0,REGENB
335,chartmcdc:motion_regen_base_reset_a,12.7,chartmcdc,0.0,0.0,0.5,900.0,0,0,5000,900,STANDSTILL
336,chartmcdc:motion_regen_base_reset_b,12.8,chartmcdc,0.0,0.0,0.5,0.0,0,0,5000,0,STANDSTILL
337,chartmcdc:motion_regen_base_reach_start,12.9,chartmcdc,40.0,0.0,0.5,0.0,400,0,5000,0,START
338,chartmcdc:motion_regen_base,13,chartmcdc,10.0,-6.0,0.5,900.0,100,-60,5000,900,REGENB
339,chartmcdc:motion_regen_engine_false_reset_a,13.1,chartmcdc,0.0,0.0,0.5,900.0,0,0,5000,900,STANDSTILL
340,chartmcdc:motion_regen_engine_false_reset_b,13.2,chartmcdc,0.0,0.0,0.5,0.0,0,0,5000,0,STANDSTILL
341,chartmcdc:motion_regen_engine_false_reach_start,13.3,chartmcdc,40.0,0.0,0.5,0.0,400,0,5000,0,START
342,chartmcdc:motion_regen_engine_false,13.4,chartmcdc,10.0,-6.0,0.5,800.0,100,-60,5000,800,START
343,chartmcdc:motion_regen_speed_false_reset_a,13.5,chartmcdc,0.0,0.0,0.5,900.0,0,0,5000,900,STANDSTILL
344,chartmcdc:motion_regen_speed_false_reset_b,13.6,chartmcdc,0.0,0.0,0.5,0.0,0,0,5000,0,STANDSTILL
345,chartmcdc:motion_regen_speed_false_reach_start,13.7,chartmcdc,40.0,0.0,0.5,0.0,400,0,5000,0,START
346,chartmcdc:motion_regen_speed_false,13.8,chartmcdc,5.0,-6.0,0.5,900.0,50,-60,5000,900,ICE
347,chartmcdc:motion_regen_pdem_false_reset_a,13.9,chartmcdc,0.0,0.0,0.5,900.0,0,0,5000,900,STANDSTILL
348,chartmcdc:motion_regen_pdem_false_reset_b,14,chartmcdc,0.0,0.0,0.5,0.0,0,0,5000,0,STANDSTILL
349,chartmcdc:motion_regen_pdem_false_reach_start,14.1,chartmcdc,40.0,0.0,0.5,0.0,400,0,5000,0,START
350,chartmcdc:motion_regen_pdem_false,14.2,chartmcdc,10.0,-4.0,0.5,900.0,100,-40,5000,900,ICE
351,chartmcdc:motion_ev_base_reset_a,14.3,chartmcdc,0.0,0.0,0.5,900.0,0,0,5000,900,STANDSTILL
352,chartmcdc:motion_ev_base_reset_b,14.4,chartmcdc,0.0,0.0,0.5,0.0,0,0,5000,0,STANDSTILL
353,chartmcdc:motion_ev_base_reach_start,14.5,chartmcdc,40.0,0.0,0.5,0.0,400,0,5000,0,START
354,chartmcdc:motion_ev_base,14.6,chartmcdc,10.0,0.0,0.5,900.0,100,0,5000,900,EV
355,chartmcdc:motion_ev_engine_false_reset_a,14.7,chartmcdc,0.0,0.0,0.5,900.0,0,0,5000,900,STANDSTILL
356,chartmcdc:motion_ev_engine_false_reset_b,14.8,chartmcdc,0.0,0.0,0.5,0.0,0,0,5000,0,STANDSTILL
357,chartmcdc:motion_ev_engine_false_reach_start,14.9,chartmcdc,40.0,0.0,0.5,0.0,400,0,5000,0,START
358,chartmcdc:motion_ev_engine_false,15,chartmcdc,10.0,0.0,0.5,800.0,100,0,5000,800,START
359,chartmcdc:motion_ev_pdem_high_false_reset_a,15.1,chartmcdc,0.0,0.0,0.5,900.0,0,0,5000,900,STANDSTILL
360,chartmcdc:motion_ev_pdem_high_false_reset_b,15.2,chartmcdc,0.0,0.0,0.5,0.0,0,0,5000,0,STANDSTILL
361,chartmcdc:motion_ev_pdem_high_false_reach_start,15.3,chartmcdc,40.0,0.0,0.5,0.0,400,0,5000,0,START
362,chartmcdc:motion_ev_pdem_high_false,15.4,chartmcdc,10.0,50.0,0.5,900.0,100,500,5000,900,HYBRID
363,chartmcdc:motion_ev_pdem_low_false_reset_a,15.5,chartmcdc,0.0,0.0,0.5,900.0,0,0,5000,900,STANDSTILL
364,chartmcdc:motion_ev_pdem_low_false_reset_b,15.6,chartmcdc,0.0,0.0,0.5,0.0,0,0,5000,0,STANDSTILL
365,chartmcdc:motion_ev_pdem_low_false_reach_start,15.7,chartmcdc,40.0,0.0,0.5,0.0,400,0,5000,0,START
366,chartmcdc:motion_ev_pdem_low_false,15.8,chartmcdc,10.0,-2.0,0.5,900.0,100,-20,5000,900,ICE
367,chartmcdc:motion_ev_speed_stop_false_reset_a,15.9,chartmcdc,0.0,0.0,0.5,900.0,0,0,5000,900,STANDSTILL
368,chartmcdc:motion_ev_speed_stop_false_reset_b,16,chartmcdc,0.0,0.0,0.5,0.0,0,0,5000,0,STANDSTILL
369,chartmcdc:motion_ev_speed_stop_false_reach_start,16.1,chartmcdc,40.0,0.0,0.5,0.0,400,0,5000,0,START
370,chartmcdc:motion_ev_speed_stop_false,16.2,chartmcdc,0.3,0.0,0.5,900.0,3,0,5000,900,STANDSTILL
371,chartmcdc:motion_ev_speed_max_false_reset_a,16.3,chartmcdc,0.0,0.0,0.5,900.0,0,0,5000,900,STANDSTILL
372,chartmcdc:motion_ev_speed_max_false_reset_b,16.4,chartmcdc,0.0,0.0,0.5,0.0,0,0,5000,0,STANDSTILL
373,chartmcdc:motion_ev_speed_max_false_reach_start,16.5,chartmcdc,40.0,0.0,0.5,0.0,400,0,5000,0,START
374,chartmcdc:motion_ev_speed_max_false,16.6,chartmcdc,40.0,0.0,0.5,900.0,400,0,5000,900,HYBRID
375,chartmcdc:motion_ev_soc_false_reset_a,16.7,chartmcdc,0.0,0.0,0.5,900.0,0,0,5000,900,STANDSTILL
376,chartmcdc:motion_ev_soc_false_reset_b,16.8,chartmcdc,0.0,0.0,0.5,0.0,0,0,5000,0,STANDSTILL
377,chartmcdc:motion_ev_soc_false_reach_start,16.9,chartmcdc,40.0,0.0,0.5,0.0,400,0,5000,0,START
378,chartmcdc:motion_ev_soc_false,17,chartmcdc,10.0,0.0,0.36,900.0,100,0,3600,900,ICE
379,chartmcdc:motion_standstill_base_reset_a,17.1,chartmcdc,0.0,0.0,0.5,900.0,0,0,5000,900,STANDSTILL
380,chartmcdc:motion_standstill_base_reset_b,17.2,chartmcdc,0.0,0.0,0.5,0.0,0,0,5000,0,STANDSTILL
381,chartmcdc:motion_standstill_base_reach_start,17.3,chartmcdc,40.0,0.0,0.5,0.0,400,0,5000,0,START
382,chartmcdc:motion_standstill_base,17.4,chartmcdc,0.3,0.0,0.5,0.0,3,0,5000,0,STANDSTILL
383,chartmcdc:motion_standstill_speed_false_reset_a,17.5,chartmcdc,0.0,0.0,0.5,900.0,0,0,5000,900,STANDSTILL
384,chartmcdc:motion_standstill_speed_false_reset_b,17.6,chartmcdc,0.0,0.0,0.5,0.0,0,0,5000,0,STANDSTILL
385,chartmcdc:motion_standstill_speed_false_reach_start,17.7,chartmcdc,40.0,0.0,0.5,0.0,400,0,5000,0,START
386,chartmcdc:motion_standstill_speed_false,17.8,chartmcdc,1.0,0.0,0.5,0.0,10,0,5000,0,START
387,chartmcdc:motion_standstill_pdem_high_false_reset_a,17.9,chartmcdc,0.0,0.0,0.5,900.0,0,0,5000,900,STANDSTILL
388,chartmcdc:motion_standstill_pdem_high_false_reset_b,18,chartmcdc,0.0,0.0,0.5,0.0,0,0,5000,0,STANDSTILL
389,chartmcdc:motion_standstill_pdem_high_false_reach_start,18.1,chartmcdc,40.0,0.0,0.5,0.0,400,0,5000,0,START
390,chartmcdc:motion_standstill_pdem_high_false,18.2,chartmcdc,0.3,2.0,0.5,0.0,3,20,5000,0,START
391,chartmcdc:motion_standstill_pdem_low_false_reset_a,18.3,chartmcdc,0.0,0.0,0.5,900.0,0,0,5000,900,STANDSTILL
392,chartmcdc:motion_standstill_pdem_low_false_reset_b,18.4,chartmcdc,0.0,0.0,0.5,0.0,0,0,5000,0,STANDSTILL
393,chartmcdc:motion_standstill_pdem_low_false_reach_start,18.5,chartmcdc,40.0,0.0,0.5,0.0,400,0,5000,0,START
394,chartmcdc:motion_standstill_pdem_low_false,18.6,chartmcdc,0.3,-2.0,0.5,0.0,3,-20,5000,0,START
395,chartmcdc:start_hybrid_engine_false_reset_a,18.7,chartmcdc,0.0,0.0,0.5,900.0,0,0,5000,900,STANDSTILL
396,chartmcdc:start_hybrid_engine_false_reset_b,18.8,chartmcdc,0.0,0.0,0.5,0.0,0,0,5000,0,STANDSTILL
397,chartmcdc:start_hybrid_engine_false_reach_start,18.9,chartmcdc,40.0,0.0,0.5,0.0,400,0,5000,0,START
398,chartmcdc:start_hybrid_engine_false,19,chartmcdc,40.0,20.0,0.36,800.0,400,200,3600,800,START
399,chartmcdc:start_hybrid_charge_false_reset_a,19.1,chartmcdc,0.0,0.0,0.5,900.0,0,0,5000,900,STANDSTILL
400,chartmcdc:start_hybrid_charge_false_reset_b,19.2,chartmcdc,0.0,0.0,0.5,0.0,0,0,5000,0,STANDSTILL
401,chartmcdc:start_hybrid_charge_false_reach_start,19.3,chartmcdc,40.0,0.0,0.5,0.0,400,0,5000,0,START
402,chartmcdc:start_hybrid_charge_false,19.4,chartmcdc,40.0,20.0,0.28,900.0,400,200,2800,900,ICE
403,chartmcdc:start_hybrid_speed_true_reset_a,19.5,chartmcdc,0.0,0.0,0.5,900.0,0,0,5000,900,STANDSTILL
404,chartmcdc:start_hybrid_speed_true_reset_b,19.6,chartmcdc,0.0,0.0,0.5,0.0,0,0,5000,0,STANDSTILL
405,chartmcdc:start_hybrid_speed_true_reach_start,19.7,chartmcdc,40.0,0.0,0.5,0.0,400,0,5000,0,START
406,chartmcdc:start_hybrid_speed_true,19.8,chartmcdc,40.0,5.0,0.36,900.0,400,50,3600,900,HYBRID
407,chartmcdc:start_hybrid_speed_false_reset_a,19.9,chartmcdc,0.0,0.0,0.5,900.0,0,0,5000,900,STANDSTILL
408,chartmcdc:start_hybrid_speed_false_reset_b,20,chartmcdc,0.0,0.0,0.5,0.0,0,0,5000,0,STANDSTILL
409,chartmcdc:start_hybrid_speed_false_reach_start,20.1,chartmcdc,40.0,0.0,0.5,0.0,400,0,5000,0,START
410,chartmcdc:start_hybrid_speed_false,20.2,chartmcdc,10.0,5.0,0.36,900.0,100,50,3600,900,ICE
411,chartmcdc:start_hybrid_pdem_true_reset_a,20.3,chartmcdc,0.0,0.0,0.5,900.0,0,0,5000,900,STANDSTILL
412,chartmcdc:start_hybrid_pdem_true_reset_b,20.4,chartmcdc,0.0,0.0,0.5,0.0,0,0,5000,0,STANDSTILL
413,chartmcdc:start_hybrid_pdem_true_reach_start,20.5,chartmcdc,40.0,0.0,0.5,0.0,400,0,5000,0,START
414,chartmcdc:start_hybrid_pdem_true,20.6,chartmcdc,10.0,20.0,0.36,900.0,100,200,3600,900,HYBRID
415,chartmcdc:start_ice_true_reset_a,20.7,chartmcdc,0.0,0.0,0.5,900.0,0,0,5000,900,STANDSTILL
416,chartmcdc:start_ice_true_reset_b,20.8,chartmcdc,0.0,0.0,0.5,0.0,0,0,5000,0,STANDSTILL
417,chartmcdc:start_ice_true_reach_start,20.9,chartmcdc,40.0,0.0,0.5,0.0,400,0,5000,0,START
418,chartmcdc:start_ice_true,21,chartmcdc,10.0,5.0,0.36,900.0,100,50,3600,900,ICE
419,chartmcdc:start_ice_false_reset_a,21.1,chartmcdc,0.0,0.0,0.5,900.0,0,0,5000,900,STANDSTILL
420,chartmcdc:start_ice_false_reset_b,21.2,chartmcdc,0.0,0.0,0.5,0.0,0,0,5000,0,STANDSTILL
421,chartmcdc:start_ice_false_reach_start,21.3,chartmcdc,40.0,0.0,0.5,0.0,400,0,5000,0,START
422,chartmcdc:start_ice_false,21.4,chartmcdc,10.0,5.0,0.36,800.0,100,50,3600,800,START
423,chartmcdc:ice_reset_true_reset_a,21.5,chartmcdc,0.0,0.0,0.5,900.0,0,0,5000,900,STANDSTILL
424,chartmcdc:ice_reset_true_reset_b,21.6,chartmcdc,0.0,0.0,0.5,0.0,0,0,5000,0,STANDSTILL
425,chartmcdc:ice_reset_true_reach_start,21.7,chartmcdc,40.0,0.0,0.5,0.0,400,0,5000,0,START
426,chartmcdc:ice_reset_true_reach_ice,21.8,chartmcdc,10.0,5.0,0.36,900.0,100,50,3600,900,ICE
427,chartmcdc:ice_reset_true,21.9,chartmcdc,10.0,5.0,0.36,780.0,100,50,3600,780,START
428,chartmcdc:ice_reset_false_reset_a,22,chartmcdc,0.0,0.0,0.5,900.0,0,0,5000,900,STANDSTILL
429,chartmcdc:ice_reset_false_reset_b,22.1,chartmcdc,0.0,0.0,0.5,0.0,0,0,5000,0,STANDSTILL
430,chartmcdc:ice_reset_false_reach_start,22.2,chartmcdc,40.0,0.0,0.5,0.0,400,0,5000,0,START
431,chartmcdc:ice_reset_false_reach_ice,22.3,chartmcdc,10.0,5.0,0.36,900.0,100,50,3600,900,ICE
432,chartmcdc:ice_reset_false,22.4,chartmcdc,10.0,5.0,0.36,900.0,100,50,3600,900,ICE
433,chartmcdc:ice_hybrid_base_reset_a,22.5,chartmcdc,0.0,0.0,0.5,900.0,0,0,5000,900,STANDSTILL
434,chartmcdc:ice_hybrid_base_reset_b,22.6,chartmcdc,0.0,0.0,0.5,0.0,0,0,5000,0,STANDSTILL
435,chartmcdc:ice_hybrid_base_reach_start,22.7,chartmcdc,40.0,0.0,0.5,0.0,400,0,5000,0,START
436,chartmcdc:ice_hybrid_base_reach_ice,22.8,chartmcdc,10.0,5.0,0.36,900.0,100,50,3600,900,ICE
437,chartmcdc:ice_hybrid_base,22.9,chartmcdc,40.0,20.0,0.3,900.0,400,200,3000,900,HYBRID
438,chartmcdc:ice_hybrid_pdem_false_reset_a,23,chartmcdc,0.0,0.0,0.5,900.0,0,0,5000,900,STANDSTILL
439,chartmcdc:ice_hybrid_pdem_false_reset_b,23.1,chartmcdc,0.0,0.0,0.5,0.0,0,0,5000,0,STANDSTILL
440,chartmcdc:ice_hybrid_pdem_false_reach_start,23.2,chartmcdc,40.0,0.0,0.5,0.0,400,0,5000,0,START
441,chartmcdc:ice_hybrid_pdem_false_reach_ice,23.3,chartmcdc,10.0,5.0,0.36,900.0,100,50,3600,900,ICE
442,chartmcdc:ice_hybrid_pdem_false,23.4,chartmcdc,40.0,10.0,0.3,900.0,400,100,3000,900,ICE
443,chartmcdc:ice_hybrid_charge_false_reset_a,23.5,chartmcdc,0.0,0.0,0.5,900.0,0,0,5000,900,STANDSTILL
444,chartmcdc:ice_hybrid_charge_false_reset_b,23.6,chartmcdc,0.0,0.0,0.5,0.0,0,0,5000,0,STANDSTILL
445,chartmcdc:ice_hybrid_charge_false_reach_start,23.7,chartmcdc,40.0,0.0,0.5,0.0,400,0,5000,0,START
446,chartmcdc:ice_hybrid_charge_false_reach_ice,23.8,chartmcdc,10.0,5.0,0.36,900.0,100,50,3600,900,ICE
447,chartmcdc:ice_hybrid_charge_false,23.9,chartmcdc,40.0,20.0,0.28,900.0,400,200,2800,900,ICE
448,chartmcdc:hybrid_reset_true_reset_a,24,chartmcdc,0.0,0.0,0.5,900.0,0,0,5000,900,STANDSTILL
449,chartmcdc:hybrid_reset_true_reset_b,24.1,chartmcdc,0.0,0.0,0.5,0.0,0,0,5000,0,STANDSTILL
450,chartmcdc:hybrid_reset_true_reach_start,24.2,chartmcdc,40.0,0.0,0.5,0.0,400,0,5000,0,START
451,chartmcdc:hybrid_reset_true_reach_hybrid,24.3,chartmcdc,40.0,20.0,0.5,900.0,400,200,5000,900,HYBRID
452,chartmcdc:hybrid_reset_true,24.4,chartmcdc,40.0,20.0,0.5,780.0,400,200,5000,780,START
453,chartmcdc:hybrid_reset_false_reset_a,24.5,chartmcdc,0.0,0.0,0.5,900.0,0,0,5000,900,STANDSTILL
454,chartmcdc:hybrid_reset_false_reset_b,24.6,chartmcdc,0.0,0.0,0.5,0.0,0,0,5000,0,STANDSTILL
455,chartmcdc:hybrid_reset_false_reach_start,24.7,chartmcdc,40.0,0.0,0.5,0.0,400,0,5000,0,START
456,chartmcdc:hybrid_reset_false_reach_hybrid,24.8,chartmcdc,40.0,20.0,0.5,900.0,400,200,5000,900,HYBRID
457,chartmcdc:hybrid_reset_false,24.9,chartmcdc,40.0,20.0,0.5,900.0,400,200,5000,900,HYBRID
458,chartmcdc:hybrid_ice_base_false_reset_a,25,chartmcdc,0.0,0.0,0.5,900.0,0,0,5000,900,STANDSTILL
459,chartmcdc:hybrid_ice_base_false_reset_b,25.1,chartmcdc,0.0,0.0,0.5,0.0,0,0,5000,0,STANDSTILL
460,chartmcdc:hybrid_ice_base_false_reach_start,25.2,chartmcdc,40.0,0.0,0.5,0.0,400,0,5000,0,START
461,chartmcdc:hybrid_ice_base_false_reach_hybrid,25.3,chartmcdc,40.0,20.0,0.5,900.0,400,200,5000,900,HYBRID
462,chartmcdc:hybrid_ice_base_false,25.4,chartmcdc,40.0,20.0,0.3,900.0,400,200,3000,900,HYBRID
463,chartmcdc:hybrid_ice_pdem_true_reset_a,25.5,chartmcdc,0.0,0.0,0.5,900.0,0,0,5000,900,STANDSTILL
464,chartmcdc:hybrid_ice_pdem_true_reset_b,25.6,chartmcdc,0.0,0.0,0.5,0.0,0,0,5000,0,STANDSTILL
465,chartmcdc:hybrid_ice_pdem_true_reach_start,25.7,chartmcdc,40.0,0.0,0.5,0.0,400,0,5000,0,START
466,chartmcdc:hybrid_ice_pdem_true_reach_hybrid,25.8,chartmcdc,40.0,20.0,0.5,900.0,400,200,5000,900,HYBRID
467,chartmcdc:hybrid_ice_pdem_true,25.9,chartmcdc,40.0,5.0,0.3,900.0,400,50,3000,900,ICE
468,chartmcdc:hybrid_ice_charge_true_reset_a,26,chartmcdc,0.0,0.0,0.5,900.0,0,0,5000,900,STANDSTILL
469,chartmcdc:hybrid_ice_charge_true_reset_b,26.1,chartmcdc,0.0,0.0,0.5,0.0,0,0,5000,0,STANDSTILL
470,chartmcdc:hybrid_ice_charge_true_reach_start,26.2,chartmcdc,40.0,0.0,0.5,0.0,400,0,5000,0,START
471,chartmcdc:hybrid_ice_charge_true_reach_hybrid,26.3,chartmcdc,40.0,20.0,0.5,900.0,400,200,5000,900,HYBRID
472,chartmcdc:hybrid_ice_charge_true,26.4,chartmcdc,40.0,20.0,0.2,900.0,400,200,2000,900,ICE
